data,stato,ricoverati con sintomi,terapia intensiva,totale ospedalizzati,isolamento domiciliare,totale positivi,variazione totale positivi,nuovi positivi,dimessi guariti,deceduti,casi da sospetto diagnostico,casi da screening,totale casi,tamponi,casi testati,note,"positivi/tamponi","tamponi giorno","deceduti giorno","record tamponi","record casi","record decessi","media casi 7gg","media variaz. 7gg"
2020-02-24T18:00:00,ITA,101,26,127,94,221,0,221,1,7,,,229,4324,,,0.0511101,4324,7,4324,221,7,0,0
2020-02-25T18:00:00,ITA,114,35,150,162,311,90,93,1,10,,,322,8623,,,0.0216329,4299,3,4324,221,7,0,0
2020-02-26T18:00:00,ITA,128,36,164,221,385,74,78,3,12,,,400,9587,,,0.0809129,964,2,4324,221,7,0,0
2020-02-27T18:00:00,ITA,248,56,304,284,588,203,250,45,17,,,650,12014,,,0.103008,2427,5,4324,250,7,0,0
2020-02-28T18:00:00,ITA,345,64,409,412,821,233,238,46,21,,,888,15695,,,0.0646563,3681,4,4324,250,7,0,0
2020-02-29T18:00:00,ITA,401,105,506,543,1049,228,240,50,29,,,1128,18661,,,0.0809171,2966,8,4324,250,8,0,0
2020-03-01T18:00:00,ITA,639,140,779,798,1577,528,566,83,34,,,1694,21127,,,0.229521,2466,5,4324,566,8,0,0
2020-03-02T18:00:00,ITA,742,166,908,927,1835,258,342,149,52,,,2036,23345,,,0.154193,2218,18,4324,566,18,258,460
2020-03-03T18:00:00,ITA,1034,229,1263,1000,2263,428,466,160,79,,,2502,25856,,,0.185583,2511,27,4324,566,27,311,619
2020-03-04T18:00:00,ITA,1346,295,1641,1065,2706,443,587,276,107,,,3089,29837,,,0.14745,3981,28,4324,587,28,384,830
2020-03-05T18:00:00,ITA,1790,351,2141,1155,3296,590,769,414,148,,,3858,32362,,,0.304554,2525,41,4324,769,41,458,1092
2020-03-06T18:00:00,ITA,2394,462,2856,1060,3916,620,778,523,197,,,4636,36359,,,0.194646,3997,49,4324,778,49,535,1442
2020-03-07T18:00:00,ITA,2651,567,3218,1843,5061,1145,1247,589,233,,,5883,42062,,pd-IT-0003,0.218657,5703,36,5703,1247,49,679,1829
2020-03-08T18:00:00,ITA,3557,650,4207,2180,6387,1326,1492,622,366,,,7375,49937,,,0.18946,7875,133,7875,1492,133,811,2319
2020-03-09T18:00:00,ITA,4316,733,5049,2936,7985,1598,1797,724,463,,,9172,53826,,,0.462073,3889,97,7875,1797,133,1019,2910
2020-03-10T18:00:00,ITA,5038,877,5915,2599,8514,529,977,1004,631,,,10149,60761,,pd-IT-0005,0.14088,6935,168,7875,1797,168,1092,3575
2020-03-11T17:00:00,ITA,5838,1028,6866,3724,10590,2076,2313,1045,827,,,12462,73154,,nd-IT-0002,0.186638,12393,196,12393,2313,196,1339,4321
2020-03-12T17:00:00,ITA,6650,1153,7803,5036,12839,2249,2651,1258,1016,,,15113,86011,,,0.206191,12857,189,12857,2651,196,1607,5130
2020-03-13T17:00:00,ITA,7426,1328,8754,6201,14955,2116,2547,1439,1266,,,17660,97488,,,0.221922,11477,250,12857,2651,250,1860,5973
2020-03-14T17:00:00,ITA,8372,1518,9890,7860,17750,2795,3497,1966,1441,,,21157,109170,,,0.299349,11682,175,12857,3497,250,2182,6926
2020-03-15T17:00:00,ITA,9663,1672,11335,9268,20603,2853,3590,2335,1809,,,24747,124899,,,0.228241,15729,368,15729,3590,368,2481,7944
2020-03-16T17:00:00,ITA,11025,1851,12876,10197,23073,2470,3233,2749,2158,,,27980,137962,,nd-IT-0004;nd-IT-0006,0.247493,13063,349,15729,3590,368,2686,9062
2020-03-17T17:00:00,ITA,12894,2060,14954,11108,26062,2989,3526,2941,2503,,,31506,148657,,nd-IT-0009,0.329687,10695,345,15729,3590,368,3051,10354
2020-03-18T17:00:00,ITA,14363,2257,16620,12090,28710,2648,4207,4025,2978,,,35713,165541,,nd-IT-0012;nd-IT-0014,0.249171,16884,475,16884,4207,475,3321,11747
2020-03-19T17:00:00,ITA,15757,2498,18255,14935,33190,4480,5322,4440,3405,,,41035,182777,,,0.308772,17236,427,17236,5322,475,3703,13240
2020-03-20T17:00:00,ITA,16020,2655,18675,19185,37860,4670,5986,5129,4032,,,47021,206886,,,0.248289,24109,627,24109,5986,627,4194,14657
2020-03-21T17:00:00,ITA,17708,2857,20565,22116,42681,4821,6557,6072,4825,,,53578,233222,,,0.248975,26336,793,26336,6557,793,4631,16182
2020-03-22T17:00:00,ITA,19846,3009,22855,23783,46638,3957,5560,7024,5476,,,59138,258402,,,0.22081,25180,651,26336,6557,793,4913,17828
2020-03-23T17:00:00,ITA,20692,3204,23896,26522,50418,3780,4789,7432,6077,,,63927,275468,,,0.280616,17066,601,26336,6557,793,5135,19402
2020-03-24T17:00:00,ITA,21937,3396,25333,28697,54030,3612,5249,8326,6820,,,69176,296964,,,0.244185,21496,743,26336,6557,793,5381,20885
2020-03-25T17:00:00,ITA,23112,3489,26601,30920,57521,3491,5210,9362,7503,,,74386,324445,,,0.189586,27481,683,27481,6557,793,5524,22311
2020-03-26T17:00:00,ITA,24753,3612,28365,33648,62013,4492,6153,10361,8165,,,80539,361060,,pd-IT-0007,0.168046,36615,662,36615,6557,793,5643,23755
2020-03-27T17:00:00,ITA,26029,3732,29761,36653,66414,4401,5959,10950,9134,,,86498,394079,,,0.180472,33019,969,36615,6557,969,5639,25339
2020-03-28T17:00:00,ITA,26676,3856,30532,39533,70065,3651,5974,12384,10023,,,92472,429526,,,0.168533,35447,889,36615,6557,969,5556,26763
2020-03-29T17:00:00,ITA,27386,3906,31292,42588,73880,3815,5217,13030,10779,,,97689,454030,,pd-IT-0009,0.212904,24504,756,36615,6557,969,5507,27968
2020-03-30T17:00:00,ITA,27795,3981,31776,43752,75528,1648,4050,14620,11591,,,101739,477359,,,0.173604,23329,812,36615,6557,969,5401,29094
2020-03-31T17:00:00,ITA,28192,4023,32215,45420,77635,2107,4053,15729,12428,,,105792,506968,,,0.136884,29609,837,36615,6557,969,5230,30077
2020-04-01T17:00:00,ITA,28403,4035,32438,48134,80572,2937,4782,16847,13155,,,110574,541423,,,0.13879,34455,727,36615,6557,969,5169,30911
2020-04-02T17:00:00,ITA,28540,4053,32593,50456,83049,2477,4668,18278,13915,,,115242,581232,,,0.11726,39809,760,39809,6557,969,4957,31515
2020-04-03T17:00:00,ITA,28741,4068,32809,52579,85388,2339,4585,19758,14681,,,119827,619849,,,0.11873,38617,766,39809,6557,969,4761,31950
2020-04-04T17:00:00,ITA,29010,3994,33004,55270,88274,2886,4805,20996,15362,,,124632,657224,,,0.128562,37375,681,39809,6557,969,4594,32303
2020-04-05T17:00:00,ITA,28949,3977,32926,58320,91246,2972,4316,21815,15887,,,128948,691461,,,0.126062,34237,525,39809,6557,969,4465,32537
2020-04-06T17:00:00,ITA,28976,3898,32874,60313,93187,1941,3599,22837,16523,,,132547,721732,,,0.118893,30271,636,39809,6557,969,4401,32694
2020-04-07T17:00:00,ITA,28718,3792,32510,61557,94067,880,3039,24392,17127,,,135586,755445,,,0.0901433,33713,604,39809,6557,969,4256,32736
2020-04-08T17:00:00,ITA,28485,3693,32178,63084,95262,1195,3836,26491,17669,,,139422,807125,,,0.074226,51680,542,51680,6557,969,4121,32699
2020-04-09T17:00:00,ITA,28399,3605,32004,64873,96877,1615,4204,28470,18279,,,143626,853369,,,0.0909091,46244,610,51680,6557,969,4054,32615
2020-04-10T17:00:00,ITA,28242,3497,31739,66534,98273,1396,3951,30455,18849,,,147577,906864,,pd-IT-0011,0.0738574,53495,570,53495,6557,969,3964,32462
2020-04-11T17:00:00,ITA,28144,3381,31525,68744,100269,1996,4694,32534,19468,,,152271,963473,,,0.0829197,56609,619,56609,6557,969,3948,32250
2020-04-12T17:00:00,ITA,27847,3343,31190,71063,102253,1984,4092,34211,19899,,,156363,1010193,,dc-IT-0003,0.0875856,46720,431,56609,6557,969,3916,32002
2020-04-13T17:00:00,ITA,28023,3260,31283,72333,103616,1363,3153,35435,20465,,,159516,1046910,,,0.085873,36717,566,56609,6557,969,3852,31775
2020-04-14T17:00:00,ITA,28011,3186,31197,73094,104291,675,2972,37130,21067,,,162488,1073689,,,0.110982,26779,602,56609,6557,969,3843,31588
2020-04-15T17:00:00,ITA,27643,3079,30722,74696,105418,1127,2667,38092,21645,,,165155,1117404,,dc-IT-0005,0.0610088,43715,578,56609,6557,969,3676,31380
2020-04-16T17:00:00,ITA,26893,2936,29829,76778,106607,1189,3786,40164,22170,,,168941,1178403,,,0.0620666,60999,525,60999,6557,969,3616,31069
2020-04-17T17:00:00,ITA,25786,2812,28598,78364,106962,355,3493,42727,22745,,,172434,1244108,,,0.0531619,65705,575,65705,6557,969,3551,30620
2020-04-18T17:00:00,ITA,25007,2733,27740,80031,107771,809,3491,44927,23227,,,175925,1305833,,,0.0565573,61725,482,65705,6557,969,3379,30079
2020-04-19T17:00:00,ITA,25033,2635,27668,80589,108257,486,3047,47055,23660,,,178972,1356541,935310,,0.0600891,50708,433,65705,6557,969,3229,29576
2020-04-20T17:00:00,ITA,24906,2573,27479,80758,108237,-20,2256,48877,24114,,,181228,1398024,943151,dc-IT-0007,0.0543837,41483,454,65705,6557,969,3101,29033
2020-04-21T17:00:00,ITA,24134,2471,26605,81104,107709,-528,2729,51600,24648,,,183957,1450150,971246,pd-IT-0013,0.0523539,52126,534,65705,6557,969,3067,28377
2020-04-22T17:00:00,ITA,23805,2384,26189,81510,107699,-10,3370,54543,25085,,,187327,1513251,1015494,,0.0534064,63101,437,65705,6557,969,3167,27729
2020-04-23T17:00:00,ITA,22871,2267,25138,81710,106848,-851,2646,57576,25549,,,189973,1579909,1052577,pd-IT-0015;pd-IT-0017,0.0396952,66658,464,66658,6557,969,3004,27059
2020-04-24T17:00:00,ITA,22068,2173,24241,82286,106527,-321,3021,60498,25969,,,192994,1642356,1147850,dc-IT-0009;dc-IT-0011,0.048377,62447,420,66658,6557,969,2937,26437
2020-04-25T17:00:00,ITA,21533,2102,23635,82212,105847,-680,2357,63120,26384,,,195351,1707743,1186526,,0.0360469,65387,415,66658,6557,969,2775,25850
2020-04-26T17:00:00,ITA,21372,2009,23381,82722,106103,256,2324,64928,26644,,,197675,1757659,1210639,dc-IT-0013,0.0465582,49916,260,66658,6557,969,2671,25238
2020-04-27T17:00:00,ITA,20353,1956,22309,83504,105813,-290,1739,66624,26977,,,199414,1789662,1237317,,0.0543387,32003,333,66658,6557,969,2598,24499
2020-04-28T17:00:00,ITA,19723,1863,21586,83619,105205,-608,2091,68941,27359,,,201505,1846934,1274871,,0.03651,57272,382,66658,6557,969,2506,23782
2020-04-29T17:00:00,ITA,19210,1795,21005,83652,104657,-548,2086,71252,27682,,,203591,1910761,1313460,,0.0326821,63827,323,66658,6557,969,2323,23042
2020-04-30T17:00:00,ITA,18149,1694,19843,81708,101551,-3106,1872,75945,27967,,,205463,1979217,1354901,,0.027346,68456,285,68456,6557,969,2212,22285
2020-05-01T17:00:00,ITA,17569,1578,19147,81796,100943,-608,1965,78249,28236,,,207428,2053425,1398633,dc-IT-0015,0.0264796,74208,269,74208,6557,969,2062,21558
2020-05-02T17:00:00,ITA,17357,1539,18896,81808,100704,-239,1900,79914,28710,,,209328,2108837,1429864,dc-IT-0017,0.0342886,55412,474,74208,6557,969,1996,20881
2020-05-03T17:00:00,ITA,17242,1501,18743,81436,100179,-525,1389,81654,28884,,,210717,2153772,1456911,,0.0309113,44935,174,74208,6557,969,1863,20218
2020-05-04T17:00:00,ITA,16823,1479,18302,81678,99980,-199,1221,82879,29079,,,211938,2191403,1479910,dc-IT-0019,0.0324467,37631,195,74208,6557,969,1789,19646
2020-05-05T17:00:00,ITA,16270,1427,17697,80770,98467,-1513,1075,85231,29315,,,213013,2246666,1512121,,0.0194524,55263,236,74208,6557,969,1644,19090
2020-05-06T17:00:00,ITA,15769,1333,17102,74426,91528,-6939,1444,93245,29684,,,214457,2310929,1549892,dc-IT-0021,0.0224702,64263,369,74208,6557,969,1552,18532
2020-05-07T17:00:00,ITA,15174,1311,16485,73139,89624,-1904,1401,96276,29958,,,215858,2381288,1563557,dc-IT-0023,0.0199122,70359,274,74208,6557,969,1485,18053
2020-05-08T17:00:00,ITA,14636,1168,15804,72157,87961,-1663,1327,99023,30201,,,217185,2445063,1608985,dc-IT-0025,0.0208075,63775,243,74208,6557,969,1393,17575
2020-05-09T17:00:00,ITA,13834,1034,14868,69974,84842,-3119,1083,103031,30395,,,218268,2514234,1645076,,0.0156569,69171,194,74208,6557,969,1277,17000
2020-05-10T17:00:00,ITA,13618,1027,14645,68679,83324,-1518,802,105186,30560,,,219070,2565912,1676460,,0.0155192,51678,165,74208,6557,969,1193,16414
2020-05-11T17:00:00,ITA,13539,999,14538,67950,82488,-836,744,106587,30739,,,219814,2606652,1702283,,0.0182622,40740,179,74208,6557,969,1125,15877
2020-05-12T17:00:00,ITA,12865,952,13817,67449,81266,-1222,1402,109039,30911,,,221216,2673655,1741903,dc-IT-0027,0.0209244,67003,172,74208,6557,969,1171,15322
2020-05-13T17:00:00,ITA,12172,893,13065,65392,78457,-2809,888,112541,31106,,,222104,2735628,1778952,,0.0143288,61973,195,74208,6557,969,1092,14746
2020-05-14T17:00:00,ITA,11453,855,12308,64132,76440,-2017,992,115288,31368,,,223096,2807504,1820083,dc-IT-0029,0.0138015,71876,262,74208,6557,969,1034,14149
2020-05-15T17:00:00,ITA,10792,808,11600,60470,72070,-4370,789,120205,31610,,,223885,2875680,1859110,dc-IT-0031,0.011573,68176,242,74208,6557,969,957,13548
2020-05-16T17:00:00,ITA,10400,775,11175,59012,70187,-1883,875,122810,31763,,,224760,2944859,1899767,,0.0126483,69179,153,74208,6557,969,927,13021
2020-05-17T17:00:00,ITA,10311,762,11073,57278,68351,-1836,675,125176,31908,,,225435,3004960,1933272,,0.0112311,60101,145,74208,6557,969,909,12510
2020-05-18T17:00:00,ITA,10207,749,10956,55597,66553,-1798,451,127326,32007,,,225886,3041366,1959373,pd-IT-0019,0.0123881,36406,99,74208,6557,969,867,11999
2020-05-19T17:00:00,ITA,9991,716,10707,54422,65129,-1424,813,129401,32169,,,226699,3104524,1999599,dc-IT-0033,0.0128725,63158,162,74208,6557,969,783,11554
2020-05-20T17:00:00,ITA,9624,676,10300,52452,62752,-2377,665,132282,32330,,,227364,3171719,2038216,,0.00989657,67195,161,74208,6557,969,751,11159
2020-05-21T17:00:00,ITA,9269,640,9909,51051,60960,-1792,642,134560,32486,,,228006,3243398,2078860,,0.0089566,71679,156,74208,6557,969,701,10817
2020-05-22T17:00:00,ITA,8957,595,9552,49770,59322,-1638,652,136720,32616,,,228658,3318778,2121847,,0.00864951,75380,130,75380,6557,969,681,10524
2020-05-23T17:00:00,ITA,8695,572,9267,48485,57752,-1570,669,138840,32735,,,229327,3391188,2164426,,0.00923906,72410,119,75380,6557,969,652,10252
2020-05-24T17:00:00,ITA,8613,553,9166,47428,56594,-1158,531,140479,32785,,,229858,3447012,2198632,pd-IT-0021,0.00951204,55824,50,75380,6557,969,631,9979
2020-05-25T17:00:00,ITA,8185,541,8726,46574,55300,-1294,300,141981,32877,,,230158,3482253,2219308,dc-IT-0035,0.00851281,35241,92,75380,6557,969,610,9661
2020-05-26T17:00:00,ITA,7917,521,8438,44504,52942,-2358,397,144658,32955,,,230555,3539927,2253252,,0.00688352,57674,78,75380,6557,969,550,9336
2020-05-27T17:00:00,ITA,7729,505,8234,42732,50966,-1976,584,147101,33072,,,231139,3607251,2290551,,0.00867447,67324,117,75380,6557,969,539,9041
2020-05-28T17:00:00,ITA,7379,489,7868,40118,47986,-2980,593,150604,33142,,,231732,3683144,2330389,,0.00781363,75893,70,75893,6557,969,532,8750
2020-05-29T17:00:00,ITA,7094,475,7569,38606,46175,-1811,516,152844,33229,,,232248,3755279,2368622,dc-IT-0037,0.00715325,72135,87,75893,6557,969,512,8466
2020-05-30T17:00:00,ITA,6680,450,7130,36561,43691,-2484,416,155633,33340,,,232664,3824621,2404673,nd-IT-0016,0.00599925,69342,111,75893,6557,969,476,8161
2020-05-31T17:00:00,ITA,6387,435,6822,35275,42097,-1594,355,157507,33415,,,233019,3878739,2433621,pd-IT-0023,0.00655974,54118,75,75893,6557,969,451,7826
2020-06-01T17:00:00,ITA,6099,424,6523,34844,41367,-730,178,158355,33475,,,233197,3910133,2451674,,0.00566987,31394,60,75893,6557,969,434,7512
2020-06-02T17:00:00,ITA,5916,408,6324,33569,39893,-1474,318,160092,33530,,,233515,3962292,2477302,,0.00609674,52159,55,75893,6557,969,422,7210
2020-06-03T17:00:00,ITA,5742,353,6095,33202,39297,-596,321,160938,33601,,,233836,3999591,2497337,,0.00860613,37299,71,75893,6557,969,385,6904
2020-06-04T17:00:00,ITA,5503,338,5841,32588,38429,-868,177,161895,33689,,,234013,4049544,2524788,dc-IT-0039,0.00354333,49953,88,75893,6557,969,325,6614
2020-06-05T17:00:00,ITA,5301,316,5617,31359,36976,-1453,518,163781,33774,,,234531,4114572,2565258,,0.0079658,65028,85,75893,6557,969,326,6336
2020-06-06T17:00:00,ITA,5002,293,5295,30582,35877,-1099,270,165078,33846,,,234801,4187057,2599294,,0.00372491,72485,72,75893,6557,969,305,6073
2020-06-07T17:00:00,ITA,4864,287,5151,30111,35262,-615,197,165837,33899,,,234998,4236535,2627188,,0.00398157,49478,53,75893,6557,969,282,5835
2020-06-08T17:00:00,ITA,4729,283,5012,29718,34730,-532,280,166584,33964,,,235278,4263647,2643489,,0.0103275,27112,65,75893,6557,969,297,5619
2020-06-09T17:00:00,ITA,4581,263,4844,28028,32872,-1858,283,168646,34043,,,235561,4318650,2675689,dc-IT-0041;dc-IT-0043,0.00514517,55003,79,75893,6557,969,292,5407
2020-06-10T17:00:00,ITA,4320,249,4569,27141,31710,-1162,202,169939,34114,,,235763,4381349,2713554,,0.00322174,62699,71,75893,6557,969,275,5189
2020-06-11T17:00:00,ITA,4131,236,4367,26270,30637,-1073,379,171338,34167,,,236142,4443821,2746545,,0.00606672,62472,53,75893,6557,969,304,4979
2020-06-12T17:00:00,ITA,3893,227,4120,24877,28997,-1640,163,173085,34223,,,236305,4514441,2784196,dc-IT-0045;dc-IT-0047,0.00230813,70620,56,75893,6557,969,253,4765
2020-06-13T17:00:00,ITA,3747,220,3967,23518,27485,-1512,346,174865,34301,,,236651,4564191,2817076,dc-IT-0049,0.00695477,49750,78,75893,6557,969,264,4575
2020-06-14T17:00:00,ITA,3594,209,3803,22471,26274,-1211,338,176370,34345,,,236989,4620718,2846621,,0.00597944,56527,44,75893,6557,969,284,4383
2020-06-15T17:00:00,ITA,3489,207,3696,22213,25909,-365,303,177010,34371,,,237290,4648825,2864084,dc-IT-0051,0.0107802,28107,26,75893,6557,969,287,4195
2020-06-16T17:00:00,ITA,3301,177,3478,21091,24569,-1340,210,178526,34405,,,237500,4695707,2891846,,0.00447933,46882,34,75893,6557,969,277,4000
2020-06-17T17:00:00,ITA,3113,163,3276,20649,23925,-644,329,179455,34448,,,237828,4773408,2925803,dc-IT-0053,0.00423418,77701,43,77701,6557,969,295,3815
2020-06-18T17:00:00,ITA,2867,168,3035,20066,23101,-824,333,180544,34514,,,238159,4831562,2958724,dc-IT-0055,0.00572618,58154,66,77701,6557,969,288,3625
2020-06-19T17:00:00,ITA,2632,161,2793,18750,21543,-1558,251,181907,34561,,,238011,4889103,2987294,dc-IT-0057;dc-IT-0059,0.00436211,57541,47,77701,6557,969,301,3435
2020-06-20T17:00:00,ITA,2474,152,2626,18586,21212,-331,262,182453,34610,,,238275,4943825,3017169,dc-IT-0061;dc-IT-0063,0.00478784,54722,49,77701,6557,969,289,3243
2020-06-21T17:00:00,ITA,2314,148,2462,18510,20972,-240,224,182893,34634,,,238499,4984370,3041750,,0.00552473,40545,24,77701,6557,969,273,3052
2020-06-22T17:00:00,ITA,2038,127,2165,18472,20637,-335,218,183426,34657,,,238720,5013342,3057902,dc-IT-0065,0.00752451,28972,23,77701,6557,969,261,2833
2020-06-23T17:00:00,ITA,1853,115,1968,17605,19573,-1064,122,184585,34675,,,238833,5053827,3081127,dc-IT-0067;dc-IT-0069,0.00301346,40485,18,77701,6557,969,248,2617
2020-06-24T17:00:00,ITA,1610,107,1717,16938,18655,-918,190,186111,34644,,,239410,5107093,3111364,dc-IT-0071,0.003567,53266,0,77701,6557,969,228,2395
2020-06-25T17:00:00,ITA,1515,103,1618,16685,18303,-352,296,186725,34678,223905,15801,239706,5163154,3140785,,0.00527996,56061,34,77701,6557,969,223,2192
2020-06-26T17:00:00,ITA,1356,105,1461,16177,17638,-665,259,187615,34708,223440,16521,239961,5215922,3169116,,0.00490828,52768,30,77701,6557,969,224,2002
2020-06-27T17:00:00,ITA,1260,97,1357,15479,16836,-802,175,188584,34716,223262,16874,240136,5277273,3198837,,0.00285244,61351,8,77701,6557,969,212,1821
2020-06-28T17:00:00,ITA,1160,98,1258,15423,16681,-155,174,188891,34738,223272,17038,240310,5314619,3220020,,0.00465913,37346,22,77701,6557,969,204,1649
2020-06-29T17:00:00,ITA,1120,96,1216,15280,16496,-185,126,189196,34744,223254,17182,240436,5341837,3235504,,0.00462929,27218,6,77701,6557,969,191,1513
2020-06-30T17:00:00,ITA,1090,93,1183,14380,15563,-933,142,190248,34767,222901,17677,240578,5390110,3263975,,0.0029416,48273,23,77701,6557,969,194,1401
2020-07-01T17:00:00,ITA,1025,87,1112,14143,15255,-308,187,190717,34788,222564,18196,240760,5445476,3293300,,0.00337752,55366,21,77701,6557,969,194,1315
2020-07-02T17:00:00,ITA,963,82,1045,14015,15060,-195,201,191083,34818,222464,18497,240961,5498719,3322447,,0.00377514,53243,30,77701,6557,969,180,1233
2020-07-03T17:00:00,ITA,956,79,1035,13849,14884,-176,223,191467,34833,222430,18754,241184,5548815,3348127,,0.00445145,50096,15,77701,6557,969,175,1172
2020-07-04T17:00:00,ITA,940,71,1011,13610,14621,-263,235,191944,34854,222324,19095,241419,5600826,3377073,,0.00451827,52011,21,77701,6557,969,184,1122
2020-07-05T17:00:00,ITA,945,74,1019,13623,14642,21,192,192108,34861,222368,19243,241611,5638288,3398239,,0.00512519,37462,7,77701,6557,969,186,1088
2020-07-06T17:00:00,ITA,946,72,1018,13691,14709,67,208,192241,34869,222410,19409,241819,5660454,3412010,,0.00938374,22166,8,77701,6557,969,198,1060
2020-07-07T17:00:00,ITA,940,70,1010,13232,14242,-467,138,192815,34899,222292,19664,241956,5703673,3434500,,0.00319304,43219,30,77701,6557,969,197,1035
2020-07-08T17:00:00,ITA,899,71,970,12625,13595,-647,193,193640,34914,222145,20004,242149,5754116,3463179,,0.0038261,50443,15,77701,6557,969,198,1015
2020-07-09T17:00:00,ITA,871,69,940,12519,13459,-136,229,193978,34926,222106,20257,242363,5806668,3493126,,0.00435759,52552,12,77701,6557,969,202,1000
2020-07-10T17:00:00,ITA,844,65,909,12519,13428,-31,276,194273,34938,222079,20560,242639,5854621,3520377,,0.00575564,47953,12,77701,6557,969,210,982
2020-07-11T17:00:00,ITA,826,67,893,12410,13303,-125,188,194579,34945,221994,20833,242827,5900552,3545826,,0.0040931,45931,7,77701,6557,969,203,965
2020-07-12T17:00:00,ITA,776,68,844,12335,13179,-124,234,194928,34954,222036,21025,243061,5938811,3568887,,0.00611621,38259,9,77701,6557,969,209,940
2020-07-13T17:00:00,ITA,768,65,833,12324,13157,-22,169,195106,34967,222074,21156,243230,5962744,3582893,,0.00706138,23933,13,77701,6557,969,203,914
2020-07-14T17:00:00,ITA,777,60,837,12082,12919,-238,114,195441,34984,222053,21291,243344,6004611,3607115,,0.00272291,41867,17,77701,6557,969,200,889
2020-07-15T17:00:00,ITA,797,57,854,11639,12493,-426,163,196016,34997,222075,21431,243506,6053060,3635507,,0.00336436,48449,13,77701,6557,969,196,872
2020-07-16T17:00:00,ITA,750,53,803,11670,12473,-20,230,196246,35017,222079,21657,243736,6103492,3663596,,0.0045606,50432,20,77701,6557,969,196,853
2020-07-17T17:00:00,ITA,771,50,821,11635,12456,-17,233,196483,35028,222072,21895,243967,6154259,3692257,,0.0045896,50767,11,77701,6557,969,190,840
2020-07-18T17:00:00,ITA,757,50,807,11561,12368,-88,249,196806,35042,222138,22078,244216,6202524,3719826,,0.00515902,48265,14,77701,6557,969,198,828
2020-07-19T17:00:00,ITA,743,49,792,11648,12440,72,219,196949,35045,222180,22254,244434,6238049,3740447,,0.00616467,35525,3,77701,6557,969,196,821
2020-07-20T17:00:00,ITA,745,47,792,11612,12404,-36,190,197162,35058,222212,22412,244624,6262302,3754568,,0.00783408,24253,13,77701,6557,969,199,815
2020-07-21T17:00:00,ITA,732,49,781,11467,12248,-156,129,197431,35073,222232,22520,244752,6305412,3778483,,0.00299235,43110,15,77701,6557,969,201,807
2020-07-22T17:00:00,ITA,724,48,772,11550,12322,74,282,197628,35082,222220,22812,245032,6354730,3807771,,0.00571799,49318,9,77701,6557,969,218,795
2020-07-23T17:00:00,ITA,713,49,762,11642,12404,82,306,197842,35092,222279,23059,245338,6415041,3840789,,0.0050737,60311,10,77701,6557,969,229,789
2020-07-24T17:00:00,ITA,713,46,759,11542,12301,-103,252,198192,35097,222294,23296,245590,6468375,3869759,,0.00472494,53334,5,77701,6557,969,232,780
2020-07-25T17:00:00,ITA,731,41,772,11670,12442,141,275,198320,35102,222348,23516,245864,6520046,3897818,,0.00532213,51671,5,77701,6557,969,236,775
2020-07-26T17:00:00,ITA,735,44,779,11786,12565,123,255,198446,35107,222382,23736,246118,6560572,3922995,,0.00629226,40526,5,77701,6557,969,241,773
2020-07-27T17:00:00,ITA,740,45,785,11796,12581,16,170,198593,35112,222442,23844,246286,6586123,3942369,,0.00665336,25551,5,77701,6557,969,238,772
2020-07-28T17:00:00,ITA,749,40,789,11820,12609,28,212,198756,35123,222473,24015,246488,6634293,3967710,,0.00440108,48170,11,77701,6557,969,250,774
2020-07-29T17:00:00,ITA,731,38,769,11847,12616,7,289,199031,35129,222569,24207,246776,6690311,3998585,,0.00515906,56018,6,77701,6557,969,251,773
2020-07-30T17:00:00,ITA,748,47,795,11435,12230,-386,386,199796,35132,222720,24438,247158,6752169,4031981,,0.0062401,61858,3,77701,6557,969,262,778
2020-07-31T17:00:00,ITA,716,41,757,11665,12422,192,379,199974,35141,222744,24793,247537,6813113,4061667,,0.00621882,60944,9,77701,6557,969,280,778
2020-08-01T17:00:00,ITA,705,43,748,11709,12457,35,295,200229,35146,222815,25017,247832,6873496,4093572,,0.00488548,60383,5,77701,6557,969,283,774
2020-08-02T17:00:00,ITA,708,42,750,11706,12456,-1,239,200460,35154,222877,25193,248070,6916765,4118068,,0.00552359,43269,8,77701,6557,969,281,770
2020-08-03T17:00:00,ITA,734,41,775,11699,12474,18,159,200589,35166,222891,25338,248229,6940801,4131535,,0.00661508,24036,12,77701,6557,969,279,769
2020-08-04T17:00:00,ITA,761,41,802,11680,12482,8,190,200766,35171,222954,25465,248419,6984589,4155026,,0.00433909,43788,5,77701,6557,969,276,770
2020-08-05T17:00:00,ITA,764,41,805,11841,12646,164,384,200976,35181,223044,25759,248803,7041040,4184765,,0.00680236,56451,10,77701,6557,969,290,776
2020-08-06T17:00:00,ITA,762,42,804,11890,12694,48,402,201323,35187,223113,26091,249204,7099713,4216934,,0.00685153,58673,6,77701,6557,969,292,777
2020-08-07T17:00:00,ITA,779,42,821,12103,12924,230,552,201642,35190,223201,26555,249756,7158909,4247326,,0.00932495,59196,3,77701,6557,969,317,786
2020-08-08T17:00:00,ITA,771,43,814,12139,12953,29,347,201947,35203,223232,26871,250103,7212207,4273957,,0.00651056,53298,13,77701,6557,969,324,795
2020-08-09T17:00:00,ITA,763,45,808,12455,13263,310,463,202098,35205,223440,27126,250566,7249844,4296730,,0.0123017,37637,2,77701,6557,969,356,804
2020-08-10T17:00:00,ITA,779,46,825,12543,13368,105,259,202248,35209,223556,27269,250825,7276276,4307634,,0.00979873,26432,4,77701,6557,969,371,811
2020-08-11T17:00:00,ITA,801,49,850,12711,13561,193,412,202461,35215,223674,27563,251237,7316918,4329697,,0.0101373,40642,6,77701,6557,969,402,818
2020-08-12T17:00:00,ITA,779,53,832,12959,13791,230,481,202697,35225,223844,27869,251713,7369576,4357027,,0.00913441,52658,10,77701,6557,969,416,822
2020-08-13T17:00:00,ITA,786,55,841,13240,14081,290,523,202923,35231,224058,28177,252235,7420764,4382656,,0.0102172,51188,6,77701,6557,969,433,827
2020-08-14T17:00:00,ITA,771,56,827,13422,14249,168,574,203326,35234,224319,28490,252809,7467487,4407524,,0.0122852,46723,3,77701,6557,969,437,828
2020-08-15T17:00:00,ITA,764,55,819,13587,14406,157,629,203640,35392,224521,28917,253438,7520610,4433461,,0.0118404,53123,158,77701,6557,969,477,828
2020-08-16T17:00:00,ITA,787,56,843,13890,14733,327,479,203786,35396,224694,29221,253915,7557417,4455931,,0.0130138,36807,4,77701,6557,969,479,833
2020-08-17T17:00:00,ITA,810,58,868,13999,14867,134,320,203968,35400,224812,29423,254235,7588083,4477310,,0.010435,30666,4,77701,6557,969,488,840
2020-08-18T17:00:00,ITA,843,58,901,14188,15089,222,403,204142,35405,224974,29662,254636,7642059,4509997,,0.00746628,53976,5,77701,6557,969,487,847
2020-08-19T17:00:00,ITA,866,66,932,14428,15360,271,642,204506,35412,225215,30063,255278,7713154,4551287,,0.00903017,71095,7,77701,6557,969,510,861
2020-08-20T17:00:00,ITA,883,68,951,15063,16014,654,845,204686,35418,225516,30602,256118,7790596,4600949,,0.0109114,77442,6,77701,6557,969,556,877
2020-08-21T17:00:00,ITA,919,69,988,15690,16678,664,947,204960,35427,225880,31185,257065,7862592,4645892,,0.0131535,71996,9,77701,6557,969,609,900
2020-08-22T17:00:00,ITA,924,64,988,16515,17503,825,1071,205203,35430,226320,31816,258136,7940266,4692505,,0.0137884,77674,3,77701,6557,969,672,924
2020-08-23T17:00:00,ITA,971,69,1040,17398,18438,935,1210,205470,35437,226810,32535,259345,8007637,4739968,,0.0179602,67371,7,77701,6557,969,776,952
2020-08-24T17:00:00,ITA,1045,65,1110,18085,19195,757,953,205662,35441,227128,33170,260298,8053551,4773326,,0.0207562,45914,4,77701,6557,969,867,987
2020-08-25T17:00:00,ITA,1058,66,1124,18590,19714,519,878,206015,35445,227292,33882,261174,8125892,4819124,,0.012137,72341,4,77701,6557,969,935,1019
2020-08-26T17:00:00,ITA,1055,69,1124,19629,20753,1039,1367,206329,35458,227723,34817,262540,8219421,4877178,,0.0146158,93529,13,93529,6557,969,1038,1046
2020-08-27T17:00:00,ITA,1131,67,1198,20734,21932,1179,1411,206554,35463,228123,35826,263949,8313445,4934818,,0.0150068,94024,5,94024,6557,969,1119,1081
2020-08-28T17:00:00,ITA,1178,74,1252,21783,23035,1103,1462,206902,35472,228553,36856,265409,8410510,4999953,,0.0150621,97065,9,97065,6557,969,1193,1119
2020-08-29T17:00:00,ITA,1168,79,1247,22909,24156,1121,1444,207224,35473,229002,37851,266853,8509618,5064247,,0.01457,99108,1,99108,6557,969,1246,1156
2020-08-30T17:00:00,ITA,1251,86,1337,23868,25205,1049,1365,207536,35477,229527,38691,268218,8586341,5117788,,0.0177913,76723,4,99108,6557,969,1268,1198
2020-08-31T17:00:00,ITA,1288,94,1382,24696,26078,873,996,207653,35483,229832,39382,269214,8644859,5160371,,0.0170204,58518,6,99108,6557,969,1274,1237
2020-09-01T17:00:00,ITA,1380,107,1487,25267,26754,676,978,207944,35491,230102,40087,270189,8725909,5214766,,0.0120666,81050,8,99108,6557,969,1289,1289
2020-09-02T17:00:00,ITA,1437,109,1546,26271,27817,1063,1326,208201,35497,230504,41011,271515,8828868,5280948,,0.0128789,102959,6,102959,6557,969,1283,1349
2020-09-03T17:00:00,ITA,1505,120,1625,27290,28915,1098,1397,208490,35507,230950,41962,272912,8921658,5342150,,0.0150555,92790,10,102959,6557,969,1281,1410
2020-09-04T17:00:00,ITA,1607,121,1728,28371,30099,1184,1733,209027,35518,231587,43057,274644,9034743,5414708,,0.0153248,113085,11,113085,6557,969,1319,1478
2020-09-05T17:00:00,ITA,1620,121,1741,29453,31194,1095,1694,209610,35533,232219,44118,276337,9142401,5484345,,0.015735,107658,15,113085,6557,969,1355,1549
2020-09-06T17:00:00,ITA,1683,133,1816,30262,32078,884,1297,210015,35541,232733,44901,277634,9219257,5538028,,0.0168757,76856,8,113085,6557,969,1345,1617
2020-09-07T17:00:00,ITA,1719,142,1861,31132,32993,915,1108,210238,35553,233115,45669,278784,9271810,5578731,,0.0210835,52553,12,113085,6557,969,1361,1686
2020-09-08T17:00:00,ITA,1760,143,1903,31886,33789,796,1370,210801,35563,233555,46598,280153,9364213,5636663,,0.0148264,92403,10,113085,6557,969,1417,1745
2020-09-09T17:00:00,ITA,1778,150,1928,32806,34734,945,1434,211272,35577,234029,47554,281583,9460203,5699709,,0.0149391,95990,14,113085,6557,969,1433,1800
2020-09-10T17:00:00,ITA,1836,164,2000,33708,35708,974,1597,211885,35587,234651,48529,283180,9554389,5757488,,0.0169558,94186,10,113085,6557,969,1461,1853
2020-09-11T17:00:00,ITA,1849,175,2024,34743,36767,1059,1616,212432,35597,235322,49474,284796,9653269,5818910,,0.016343,98880,10,113085,6557,969,1445,1896
2020-09-12T17:00:00,ITA,1951,182,2133,35370,37503,736,1501,213191,35603,235946,50351,286297,9745975,5875462,,0.016191,92706,6,113085,6557,969,1417,1952
2020-09-13T17:00:00,ITA,2042,187,2229,36280,38509,1006,1458,213634,35610,236567,51186,287753,9818118,5924322,,0.0202099,72143,7,113085,6557,969,1440,2011
2020-09-14T17:00:00,ITA,2122,197,2319,36868,39187,678,1008,213950,35624,237003,51758,288761,9863427,5956171,,0.0222472,45309,14,113085,6557,969,1426,2076
2020-09-15T17:00:00,ITA,2222,201,2423,37289,39712,525,1229,214645,35633,237475,52515,289990,9943944,6006675,,0.0152639,80517,9,113085,6557,969,1406,2150
2020-09-16T17:00:00,ITA,2285,207,2492,38040,40532,820,1452,215265,35645,238097,53345,291442,10044551,6064792,,0.0144324,100607,12,113085,6557,969,1408,2231
2020-09-17T17:00:00,ITA,2348,212,2560,38853,41413,881,1585,215954,35658,238845,54180,293025,10146324,6127243,,0.0155739,101773,13,113085,6557,969,1407,2311
2020-09-18T17:00:00,ITA,2387,208,2595,39862,42457,1044,1907,216807,35668,239692,55240,294932,10246163,6187258,,0.0191008,99839,10,113085,6557,969,1448,2393
2020-09-19T17:00:00,ITA,2380,215,2595,40566,43161,704,1638,217716,35692,240377,56192,296569,10349386,6248028,,0.0158686,103223,24,113085,6557,969,1468,2459
2020-09-20T17:00:00,ITA,2365,222,2587,41511,44098,937,1587,218351,35707,241017,57139,298156,10432814,6302761,,0.0190224,83428,15,113085,6557,969,1486,2510
2020-09-21T17:00:00,ITA,2475,232,2707,42372,45079,981,1350,218703,35724,241638,57868,299506,10488676,6342654,,0.0241667,55862,17,113085,6557,969,1535,2565
2020-09-22T17:00:00,ITA,2604,239,2843,42646,45489,410,1392,219670,35738,242173,58724,300897,10575979,6391999,,0.0159445,87303,14,113085,6557,969,1558,2625
2020-09-23T17:00:00,ITA,2658,244,2902,43212,46114,625,1640,220665,35758,242958,59579,302537,10679675,6455762,,0.0158155,103696,20,113085,6557,969,1585,2684
2020-09-24T17:00:00,ITA,2731,246,2977,43803,46780,666,1786,221762,35781,243680,60643,304323,10787694,6520661,,0.0165341,108019,23,113085,6557,969,1614,2743
2020-09-25T17:00:00,ITA,2737,244,2981,44737,47718,938,1912,222716,35801,244489,61746,306235,10894963,6584670,,0.0178243,107269,20,113085,6557,969,1615,2798
2020-09-26T17:00:00,ITA,2746,247,2993,45600,48593,875,1869,223693,35818,245365,62739,308104,10999350,6646695,,0.0179045,104387,17,113085,6557,969,1648,2855
2020-09-27T17:00:00,ITA,2846,254,3100,46518,49618,1025,1766,224417,35835,246156,63714,309870,11087064,6700432,,0.0201336,87714,17,113085,6557,969,1673,2929
2020-09-28T17:00:00,ITA,2977,264,3241,47082,50323,705,1494,225190,35851,246842,64522,311364,11138173,6732777,,0.0292316,51109,16,113085,6557,969,1694,3005
2020-09-29T17:00:00,ITA,3048,271,3319,47311,50630,307,1648,226506,35875,247628,65383,313011,11228358,6786395,,0.0182735,90185,24,113085,6557,969,1730,3073
2020-09-30T17:00:00,ITA,3047,280,3327,47936,51263,633,1851,227704,35894,248613,66248,314861,11333922,6848755,,0.0175344,105564,19,113085,6557,969,1760,3134
2020-10-01T17:00:00,ITA,3097,291,3388,49259,52647,1384,2548,228844,35918,249940,67469,317409,11452158,6916588,,0.0215501,118236,24,118236,6557,969,1869,3192
2020-10-02T17:00:00,ITA,3142,294,3436,50561,53997,1350,2499,229970,35941,251377,68531,319908,11572459,6988317,,0.0207729,120301,23,120301,6557,969,1953,3257
2020-10-03T17:00:00,ITA,3205,297,3502,52064,55566,1569,2844,231217,35968,252951,69800,322751,11691391,7057949,,0.0239128,118932,27,120301,6557,969,2092,3330
2020-10-04T17:00:00,ITA,3287,303,3590,53839,57429,1863,2578,231914,35986,254348,70981,325329,11784105,7117315,,0.0278059,92714,18,120301,6557,969,2208,3400
2020-10-05T17:00:00,ITA,3487,323,3810,55093,58903,1474,2257,232681,36002,255576,72010,327586,11844346,7153866,,0.0374662,60241,16,120301,6557,969,2317,3481
2020-10-06T17:00:00,ITA,3625,319,3944,56190,60134,1231,2677,234099,36030,256986,73277,330263,11944088,7216379,,0.0268392,99742,28,120301,6557,969,2464,3571
2020-10-07T17:00:00,ITA,3782,337,4119,58457,62576,2442,3678,235303,36061,258884,75056,333940,12069402,7296766,,0.0293503,125314,31,125314,6557,969,2725,3684
2020-10-08T17:00:00,ITA,3925,358,4283,61669,65952,3376,4458,236363,36083,261304,77094,338398,12197500,7365751,,0.0348015,128098,22,128098,6557,969,2998,3812
2020-10-09T17:00:00,ITA,4086,387,4473,65637,70110,4158,5372,237549,36111,264137,79633,343770,12326971,7443593,,0.0414919,129471,28,129471,6557,969,3409,3960
2020-10-10T17:00:00,ITA,4336,390,4726,70103,74829,4719,5724,238525,36140,267320,82174,349494,12460055,7523702,,0.0430104,133084,29,133084,6557,969,3820,4135
2020-10-11T17:00:00,ITA,4519,420,4939,74136,79075,4246,5456,239709,36166,270510,84440,354950,12564713,7592410,,0.0521317,104658,26,133084,6557,969,4231,4327
2020-10-12T17:00:00,ITA,4821,452,5273,77491,82764,3689,4619,240600,36205,272960,86609,359569,12650155,7652059,,0.0540601,85442,39,133084,6557,969,4569,4536
2020-10-13T17:00:00,ITA,5076,514,5590,81603,87193,4429,5901,242028,36246,276267,89200,365467,12762699,7722319,,0.0524328,112544,41,133084,6557,969,5029,4771
2020-10-14T17:00:00,ITA,5470,539,6009,86436,92445,5252,7332,244065,36289,280479,92320,372799,12914895,7809920,,0.0481747,152196,43,152196,7332,969,5551,5041
2020-10-15T17:00:00,ITA,5796,586,6382,92884,99266,6821,8804,245964,36372,285569,96033,381602,13077827,7908462,,0.0540348,162932,83,162932,8804,969,6172,5341
2020-10-16T17:00:00,ITA,6178,638,6816,100496,107312,8046,10010,247872,36427,291410,100201,391611,13228204,8000864,,0.066566,150377,55,162932,10010,969,6835,5676
2020-10-17T17:00:00,ITA,6617,705,7322,109613,116935,9623,10925,249127,36474,297983,104553,402536,13394041,8104190,,0.0658779,165837,47,165837,10925,969,7578,6047
2020-10-18T17:00:00,ITA,7131,750,7881,118356,126237,9302,11705,251461,36543,305260,108981,414241,13540582,8199744,,0.0798753,146541,69,165837,11705,969,8470,6467
2020-10-19T17:00:00,ITA,7676,797,8473,125530,134003,7766,9338,252959,36616,310881,112697,423578,13639444,8265568,,0.0944549,98862,73,165837,11705,969,9145,6924
2020-10-20T17:00:00,ITA,8454,870,9324,133415,142739,8736,10874,255005,36705,315734,118715,434449,13784181,8353248,,0.0751294,144737,89,165837,11705,969,9855,7458
2020-10-21T17:00:00,ITA,9057,926,9983,145459,155442,12703,15199,257374,36832,324455,125193,449648,13962029,8459736,,0.0854606,177848,127,177848,15199,969,10979,8025
2020-10-22T17:00:00,ITA,9694,992,10686,158616,169302,13860,16079,259456,36968,333450,132276,465726,14132421,8564608,,0.0943648,170392,136,177848,16079,969,12018,8640
2020-10-23T17:00:00,ITA,10549,1049,11598,174404,186002,16700,19143,261808,37059,344414,140455,484869,14314453,8679107,,0.105163,182032,91,182032,19143,969,13323,9323
