regione,somministrazioni,percentuale,dosiConsegnate,aggiornamento,codice_regione,dataAggiornamento
Abruzzo,135,1.701323,7935,1/2/2021 1:36:21 PM,13,2021-01-02 
Basilicata,105,2.108434,4980,1/2/2021 1:36:21 PM,17,2021-01-02 
Calabria,279,2.153609,12955,1/2/2021 1:36:21 PM,18,2021-01-02 
Campania,3111,9.185120,33870,1/2/2021 1:36:21 PM,15,2021-01-02 
Emilia-Romagna,3161,7.204558,43875,1/2/2021 1:36:21 PM,08,2021-01-02 
Friuli-Venezia Giulia,1948,16.280819,11965,1/2/2021 1:36:21 PM,06,2021-01-02 
Lazio,9526,20.796856,45805,1/2/2021 1:36:21 PM,12,2021-01-02 
Liguria,1269,7.971106,15920,1/2/2021 1:36:21 PM,07,2021-01-02 
Lombardia,2171,2.693715,80595,1/2/2021 1:36:21 PM,03,2021-01-02 
Marche,499,5.559889,8975,1/2/2021 1:36:21 PM,11,2021-01-02 
Molise,50,1.680672,2975,1/2/2021 1:36:21 PM,14,2021-01-02 
P.A. Bolzano,1037,17.297748,5995,1/2/2021 1:36:21 PM,21,2021-01-02 
P.A. Trento,1730,34.773869,4975,1/2/2021 1:36:21 PM,22,2021-01-02 
Piemonte,6024,14.734010,40885,1/2/2021 1:36:21 PM,01,2021-01-02 
Puglia,1956,7.565268,25855,1/2/2021 1:36:21 PM,16,2021-01-02 
Sardegna,242,1.882536,12855,1/2/2021 1:36:21 PM,20,2021-01-02 
Sicilia,2471,5.312836,46510,1/2/2021 1:36:21 PM,19,2021-01-02 
Toscana,3579,12.818768,27920,1/2/2021 1:36:21 PM,09,2021-01-02 
Umbria,676,13.629032,4960,1/2/2021 1:36:21 PM,10,2021-01-02 
Valle Aosta,20,2.010050,995,1/2/2021 1:36:21 PM,02,2021-01-02 
Veneto,6041,15.529563,38900,1/2/2021 1:36:21 PM,05,2021-01-02 
Abruzzo,135,1.701323,7935,1/2/2021 5:03:24 PM,13,2021-01-02 
Basilicata,105,2.108434,4980,1/2/2021 5:03:24 PM,17,2021-01-02 
Calabria,279,2.153609,12955,1/2/2021 5:03:24 PM,18,2021-01-02 
Campania,3111,9.185120,33870,1/2/2021 5:03:24 PM,15,2021-01-02 
Emilia-Romagna,3161,7.204558,43875,1/2/2021 5:03:24 PM,08,2021-01-02 
Friuli-Venezia Giulia,1948,16.280819,11965,1/2/2021 5:03:24 PM,06,2021-01-02 
Lazio,9692,21.159262,45805,1/2/2021 5:03:24 PM,12,2021-01-02 
Liguria,1334,8.379397,15920,1/2/2021 5:03:24 PM,07,2021-01-02 
Lombardia,2416,2.997705,80595,1/2/2021 5:03:24 PM,03,2021-01-02 
Marche,499,5.559889,8975,1/2/2021 5:03:24 PM,11,2021-01-02 
Molise,50,1.680672,2975,1/2/2021 5:03:24 PM,14,2021-01-02 
P.A. Bolzano,1037,17.297748,5995,1/2/2021 5:03:24 PM,21,2021-01-02 
P.A. Trento,1730,34.773869,4975,1/2/2021 5:03:24 PM,22,2021-01-02 
Piemonte,6024,14.734010,40885,1/2/2021 5:03:24 PM,01,2021-01-02 
Puglia,1956,7.565268,25855,1/2/2021 5:03:24 PM,16,2021-01-02 
Sardegna,242,1.882536,12855,1/2/2021 5:03:24 PM,20,2021-01-02 
Sicilia,2471,5.312836,46510,1/2/2021 5:03:24 PM,19,2021-01-02 
Toscana,3579,12.818768,27920,1/2/2021 5:03:24 PM,09,2021-01-02 
Umbria,676,13.629032,4960,1/2/2021 5:03:24 PM,10,2021-01-02 
Valle Aosta,20,2.010050,995,1/2/2021 5:03:24 PM,02,2021-01-02 
Veneto,6041,15.529563,38900,1/2/2021 5:03:24 PM,05,2021-01-02 
Abruzzo,349,4.398236,7935,1/2/2021 7:44:24 PM,13,2021-01-02 
Basilicata,225,4.518072,4980,1/2/2021 7:44:24 PM,17,2021-01-02 
Calabria,279,2.153609,12955,1/2/2021 7:44:24 PM,18,2021-01-02 
Campania,3111,9.185120,33870,1/2/2021 7:44:24 PM,15,2021-01-02 
Emilia-Romagna,4301,9.802849,43875,1/2/2021 7:44:24 PM,08,2021-01-02 
Friuli-Venezia Giulia,1948,16.280819,11965,1/2/2021 7:44:24 PM,06,2021-01-02 
Lazio,11566,25.250519,45805,1/2/2021 7:44:24 PM,12,2021-01-02 
Liguria,1670,10.489950,15920,1/2/2021 7:44:24 PM,07,2021-01-02 
Lombardia,2416,2.997705,80595,1/2/2021 7:44:24 PM,03,2021-01-02 
Marche,499,5.559889,8975,1/2/2021 7:44:24 PM,11,2021-01-02 
Molise,50,1.680672,2975,1/2/2021 7:44:24 PM,14,2021-01-02 
P.A. Bolzano,1037,17.297748,5995,1/2/2021 7:44:24 PM,21,2021-01-02 
P.A. Trento,1730,34.773869,4975,1/2/2021 7:44:24 PM,22,2021-01-02 
Piemonte,6024,14.734010,40885,1/2/2021 7:44:24 PM,01,2021-01-02 
Puglia,3481,13.463547,25855,1/2/2021 7:44:24 PM,16,2021-01-02 
Sardegna,242,1.882536,12855,1/2/2021 7:44:24 PM,20,2021-01-02 
Sicilia,2471,5.312836,46510,1/2/2021 7:44:24 PM,19,2021-01-02 
Toscana,3579,12.818768,27920,1/2/2021 7:44:24 PM,09,2021-01-02 
Umbria,980,19.758065,4960,1/2/2021 7:44:24 PM,10,2021-01-02 
Valle Aosta,38,3.819095,995,1/2/2021 7:44:24 PM,02,2021-01-02 
Veneto,6041,15.529563,38900,1/2/2021 7:44:24 PM,05,2021-01-02 
Abruzzo,685,8.632640,7935,1/2/2021 10:08:52 PM,13,2021-01-02 
Basilicata,423,8.493976,4980,1/2/2021 10:08:52 PM,17,2021-01-02 
Calabria,448,3.458124,12955,1/2/2021 10:08:52 PM,18,2021-01-02 
Campania,6671,19.695896,33870,1/2/2021 10:08:52 PM,15,2021-01-02 
Emilia-Romagna,5504,12.544729,43875,1/2/2021 10:08:52 PM,08,2021-01-02 
Friuli-Venezia Giulia,1948,16.280819,11965,1/2/2021 10:08:52 PM,06,2021-01-02 
Lazio,16366,35.729724,45805,1/2/2021 10:08:52 PM,12,2021-01-02 
Liguria,1889,11.865578,15920,1/2/2021 10:08:52 PM,07,2021-01-02 
Lombardia,2446,3.034928,80595,1/2/2021 10:08:52 PM,03,2021-01-02 
Marche,953,10.618384,8975,1/2/2021 10:08:52 PM,11,2021-01-02 
Molise,50,1.680672,2975,1/2/2021 10:08:52 PM,14,2021-01-02 
P.A. Bolzano,1037,17.297748,5995,1/2/2021 10:08:52 PM,21,2021-01-02 
P.A. Trento,1730,34.773869,4975,1/2/2021 10:08:52 PM,22,2021-01-02 
Piemonte,6024,14.734010,40885,1/2/2021 10:08:52 PM,01,2021-01-02 
Puglia,4607,17.818604,25855,1/2/2021 10:08:52 PM,16,2021-01-02 
Sardegna,302,2.349280,12855,1/2/2021 10:08:52 PM,20,2021-01-02 
Sicilia,2471,5.312836,46510,1/2/2021 10:08:52 PM,19,2021-01-02 
Toscana,6824,24.441261,27920,1/2/2021 10:08:52 PM,09,2021-01-02 
Umbria,980,19.758065,4960,1/2/2021 10:08:52 PM,10,2021-01-02 
Valle Aosta,62,6.231156,995,1/2/2021 10:08:52 PM,02,2021-01-02 
Veneto,6041,15.529563,38900,1/2/2021 10:08:52 PM,05,2021-01-02 
Abruzzo,685,8.632640,7935,1/2/2021 10:15:13 PM,13,2021-01-02 
Basilicata,303,6.084337,4980,1/2/2021 10:15:13 PM,17,2021-01-02 
Calabria,448,3.458124,12955,1/2/2021 10:15:13 PM,18,2021-01-02 
Campania,6671,19.695896,33870,1/2/2021 10:15:13 PM,15,2021-01-02 
Emilia-Romagna,5504,12.544729,43875,1/2/2021 10:15:13 PM,08,2021-01-02 
Friuli-Venezia Giulia,1948,16.280819,11965,1/2/2021 10:15:13 PM,06,2021-01-02 
Lazio,16366,35.729724,45805,1/2/2021 10:15:13 PM,12,2021-01-02 
Liguria,1889,11.865578,15920,1/2/2021 10:15:13 PM,07,2021-01-02 
Lombardia,2446,3.034928,80595,1/2/2021 10:15:13 PM,03,2021-01-02 
Marche,953,10.618384,8975,1/2/2021 10:15:13 PM,11,2021-01-02 
Molise,50,1.680672,2975,1/2/2021 10:15:13 PM,14,2021-01-02 
P.A. Bolzano,1037,17.297748,5995,1/2/2021 10:15:13 PM,21,2021-01-02 
P.A. Trento,1730,34.773869,4975,1/2/2021 10:15:13 PM,22,2021-01-02 
Piemonte,6024,14.734010,40885,1/2/2021 10:15:13 PM,01,2021-01-02 
Puglia,4607,17.818604,25855,1/2/2021 10:15:13 PM,16,2021-01-02 
Sardegna,302,2.349280,12855,1/2/2021 10:15:13 PM,20,2021-01-02 
Sicilia,2471,5.312836,46510,1/2/2021 10:15:13 PM,19,2021-01-02 
Toscana,6824,24.441261,27920,1/2/2021 10:15:13 PM,09,2021-01-02 
Umbria,980,19.758065,4960,1/2/2021 10:15:13 PM,10,2021-01-02 
Valle Aosta,62,6.231156,995,1/2/2021 10:15:13 PM,02,2021-01-02 
Veneto,6041,15.529563,38900,1/2/2021 10:15:13 PM,05,2021-01-02 
Abruzzo,685,8.632640,7935,1/2/2021 11:15:13 PM,13,2021-01-02 
Basilicata,303,6.084337,4980,1/2/2021 11:15:13 PM,17,2021-01-02 
Calabria,448,3.458124,12955,1/2/2021 11:15:13 PM,18,2021-01-02 
Campania,6671,19.695896,33870,1/2/2021 11:15:13 PM,15,2021-01-02 
Emilia-Romagna,5504,12.544729,43875,1/2/2021 11:15:13 PM,08,2021-01-02 
Friuli-Venezia Giulia,3160,26.410364,11965,1/2/2021 11:15:13 PM,06,2021-01-02 
Lazio,16366,35.729724,45805,1/2/2021 11:15:13 PM,12,2021-01-02 
Liguria,1889,11.865578,15920,1/2/2021 11:15:13 PM,07,2021-01-02 
Lombardia,2446,3.034928,80595,1/2/2021 11:15:13 PM,03,2021-01-02 
Marche,953,10.618384,8975,1/2/2021 11:15:13 PM,11,2021-01-02 
Molise,50,1.680672,2975,1/2/2021 11:15:13 PM,14,2021-01-02 
P.A. Bolzano,1037,17.297748,5995,1/2/2021 11:15:13 PM,21,2021-01-02 
P.A. Trento,2138,42.974874,4975,1/2/2021 11:15:13 PM,22,2021-01-02 
Piemonte,9478,23.182096,40885,1/2/2021 11:15:13 PM,01,2021-01-02 
Puglia,4607,17.818604,25855,1/2/2021 11:15:13 PM,16,2021-01-02 
Sardegna,302,2.349280,12855,1/2/2021 11:15:13 PM,20,2021-01-02 
Sicilia,2471,5.312836,46510,1/2/2021 11:15:13 PM,19,2021-01-02 
Toscana,6824,24.441261,27920,1/2/2021 11:15:13 PM,09,2021-01-02 
Umbria,980,19.758065,4960,1/2/2021 11:15:13 PM,10,2021-01-02 
Valle Aosta,44,4.422111,995,1/2/2021 11:15:13 PM,02,2021-01-02 
Veneto,6041,15.529563,38900,1/2/2021 11:15:13 PM,05,2021-01-02 
Abruzzo,685,8.632640,7935,1/3/2021 11:23:33 AM,13,2021-01-03 
Basilicata,1153,23.152610,4980,1/3/2021 11:23:33 AM,17,2021-01-03 
Calabria,448,3.458124,12955,1/3/2021 11:23:33 AM,18,2021-01-03 
Campania,6671,19.695896,33870,1/3/2021 11:23:33 AM,15,2021-01-03 
Emilia-Romagna,5504,12.544729,43875,1/3/2021 11:23:33 AM,08,2021-01-03 
Friuli-Venezia Giulia,3160,26.410364,11965,1/3/2021 11:23:33 AM,06,2021-01-03 
Lazio,17374,37.930357,45805,1/3/2021 11:23:33 AM,12,2021-01-03 
Liguria,1889,11.865578,15920,1/3/2021 11:23:33 AM,07,2021-01-03 
Lombardia,2416,2.997705,80595,1/3/2021 11:23:33 AM,03,2021-01-03 
Marche,983,10.952646,8975,1/3/2021 11:23:33 AM,11,2021-01-03 
Molise,50,1.680672,2975,1/3/2021 11:23:33 AM,14,2021-01-03 
P.A. Bolzano,1037,17.297748,5995,1/3/2021 11:23:33 AM,21,2021-01-03 
P.A. Trento,2242,45.065327,4975,1/3/2021 11:23:33 AM,22,2021-01-03 
Piemonte,9719,23.771554,40885,1/3/2021 11:23:33 AM,01,2021-01-03 
Puglia,4727,18.282731,25855,1/3/2021 11:23:33 AM,16,2021-01-03 
Sardegna,302,2.349280,12855,1/3/2021 11:23:33 AM,20,2021-01-03 
Sicilia,6700,14.405504,46510,1/3/2021 11:23:33 AM,19,2021-01-03 
Toscana,6824,24.441261,27920,1/3/2021 11:23:33 AM,09,2021-01-03 
Umbria,980,19.758065,4960,1/3/2021 11:23:33 AM,10,2021-01-03 
Valle Aosta,44,4.422111,995,1/3/2021 11:23:33 AM,02,2021-01-03 
Veneto,11119,28.583548,38900,1/3/2021 11:23:33 AM,05,2021-01-03 
Abruzzo,685,8.632640,7935,1/3/2021 1:04:06 PM,13,2021-01-03 
Basilicata,1153,23.152610,4980,1/3/2021 1:04:06 PM,17,2021-01-03 
Calabria,448,3.458124,12955,1/3/2021 1:04:06 PM,18,2021-01-03 
Campania,6671,19.695896,33870,1/3/2021 1:04:06 PM,15,2021-01-03 
Emilia-Romagna,5504,12.544729,43875,1/3/2021 1:04:06 PM,08,2021-01-03 
Friuli-Venezia Giulia,3160,26.410364,11965,1/3/2021 1:04:06 PM,06,2021-01-03 
Lazio,17374,37.930357,45805,1/3/2021 1:04:06 PM,12,2021-01-03 
Liguria,1889,11.865578,15920,1/3/2021 1:04:06 PM,07,2021-01-03 
Lombardia,2416,2.997705,80595,1/3/2021 1:04:06 PM,03,2021-01-03 
Marche,983,10.952646,8975,1/3/2021 1:04:06 PM,11,2021-01-03 
Molise,50,1.680672,2975,1/3/2021 1:04:06 PM,14,2021-01-03 
P.A. Bolzano,1037,17.297748,5995,1/3/2021 1:04:06 PM,21,2021-01-03 
P.A. Trento,2242,45.065327,4975,1/3/2021 1:04:06 PM,22,2021-01-03 
Piemonte,9719,23.771554,40885,1/3/2021 1:04:06 PM,01,2021-01-03 
Puglia,4727,18.282731,25855,1/3/2021 1:04:06 PM,16,2021-01-03 
Sardegna,302,2.349280,12855,1/3/2021 1:04:06 PM,20,2021-01-03 
Sicilia,6945,14.932273,46510,1/3/2021 1:04:06 PM,19,2021-01-03 
Toscana,7282,26.081662,27920,1/3/2021 1:04:06 PM,09,2021-01-03 
Umbria,980,19.758065,4960,1/3/2021 1:04:06 PM,10,2021-01-03 
Valle Aosta,44,4.422111,995,1/3/2021 1:04:06 PM,02,2021-01-03 
Veneto,11119,28.583548,38900,1/3/2021 1:04:06 PM,05,2021-01-03 
Abruzzo,1156,14.568368,7935,1/3/2021 11:12:42 PM,13,2021-01-03 
Basilicata,1466,29.437751,4980,1/3/2021 11:12:42 PM,17,2021-01-03 
Calabria,453,3.496719,12955,1/3/2021 11:12:42 PM,18,2021-01-03 
Campania,10745,31.724240,33870,1/3/2021 11:12:42 PM,15,2021-01-03 
Emilia-Romagna,8254,18.812536,43875,1/3/2021 11:12:42 PM,08,2021-01-03 
Friuli-Venezia Giulia,3471,29.009611,11965,1/3/2021 11:12:42 PM,06,2021-01-03 
Lazio,22314,48.715206,45805,1/3/2021 11:12:42 PM,12,2021-01-03 
Liguria,2582,16.218593,15920,1/3/2021 11:12:42 PM,07,2021-01-03 
Lombardia,3126,3.878653,80595,1/3/2021 11:12:42 PM,03,2021-01-03 
Marche,1631,18.172702,8975,1/3/2021 11:12:42 PM,11,2021-01-03 
Molise,50,1.680672,2975,1/3/2021 11:12:42 PM,14,2021-01-03 
P.A. Bolzano,1037,17.297748,5995,1/3/2021 11:12:42 PM,21,2021-01-03 
P.A. Trento,2726,54.793970,4975,1/3/2021 11:12:42 PM,22,2021-01-03 
Piemonte,12604,30.827932,40885,1/3/2021 11:12:42 PM,01,2021-01-03 
Puglia,6802,26.308258,25855,1/3/2021 11:12:42 PM,16,2021-01-03 
Sardegna,392,3.049397,12855,1/3/2021 11:12:42 PM,20,2021-01-03 
Sicilia,11612,24.966674,46510,1/3/2021 11:12:42 PM,19,2021-01-03 
Toscana,10545,37.768625,27920,1/3/2021 11:12:42 PM,09,2021-01-03 
Umbria,1250,25.201613,4960,1/3/2021 11:12:42 PM,10,2021-01-03 
Valle Aosta,44,4.422111,995,1/3/2021 11:12:42 PM,02,2021-01-03 
Veneto,15776,40.555270,38900,1/3/2021 11:12:42 PM,05,2021-01-03 
Abruzzo,1156,14.568368,7935,1/4/2021 12:59:39 AM,13,2021-01-04 
Basilicata,1864,37.429719,4980,1/4/2021 12:59:39 AM,17,2021-01-04 
Calabria,453,3.496719,12955,1/4/2021 12:59:39 AM,18,2021-01-04 
Campania,10745,31.724240,33870,1/4/2021 12:59:39 AM,15,2021-01-04 
Emilia-Romagna,8254,18.812536,43875,1/4/2021 12:59:39 AM,08,2021-01-04 
Friuli-Venezia Giulia,3471,29.009611,11965,1/4/2021 12:59:39 AM,06,2021-01-04 
Lazio,22314,48.715206,45805,1/4/2021 12:59:39 AM,12,2021-01-04 
Liguria,2582,16.218593,15920,1/4/2021 12:59:39 AM,07,2021-01-04 
Lombardia,3126,3.878653,80595,1/4/2021 12:59:39 AM,03,2021-01-04 
Marche,1727,19.242340,8975,1/4/2021 12:59:39 AM,11,2021-01-04 
Molise,50,1.680672,2975,1/4/2021 12:59:39 AM,14,2021-01-04 
P.A. Bolzano,1037,17.297748,5995,1/4/2021 12:59:39 AM,21,2021-01-04 
P.A. Trento,2726,54.793970,4975,1/4/2021 12:59:39 AM,22,2021-01-04 
Piemonte,12604,30.827932,40885,1/4/2021 12:59:39 AM,01,2021-01-04 
Puglia,6802,26.308258,25855,1/4/2021 12:59:39 AM,16,2021-01-04 
Sardegna,392,3.049397,12855,1/4/2021 12:59:39 AM,20,2021-01-04 
Sicilia,11636,25.018276,46510,1/4/2021 12:59:39 AM,19,2021-01-04 
Toscana,10545,37.768625,27920,1/4/2021 12:59:39 AM,09,2021-01-04 
Umbria,1250,25.201613,4960,1/4/2021 12:59:39 AM,10,2021-01-04 
Valle Aosta,44,4.422111,995,1/4/2021 12:59:39 AM,02,2021-01-04 
Veneto,15776,40.555270,38900,1/4/2021 12:59:39 AM,05,2021-01-04 
Abruzzo,2055,25.897921,7935,1/4/2021 6:04:50 PM,13,2021-01-04 
Basilicata,1912,38.393574,4980,1/4/2021 6:04:50 PM,17,2021-01-04 
Calabria,453,3.496719,12955,1/4/2021 6:04:50 PM,18,2021-01-04 
Campania,10745,31.724240,33870,1/4/2021 6:04:50 PM,15,2021-01-04 
Emilia-Romagna,8254,18.812536,43875,1/4/2021 6:04:50 PM,08,2021-01-04 
Friuli-Venezia Giulia,3471,29.009611,11965,1/4/2021 6:04:50 PM,06,2021-01-04 
Lazio,22914,50.025106,45805,1/4/2021 6:04:50 PM,12,2021-01-04 
Liguria,2963,18.611809,15920,1/4/2021 6:04:50 PM,07,2021-01-04 
Lombardia,4026,4.995347,80595,1/4/2021 6:04:50 PM,03,2021-01-04 
Marche,1931,21.515320,8975,1/4/2021 6:04:50 PM,11,2021-01-04 
Molise,50,1.680672,2975,1/4/2021 6:04:50 PM,14,2021-01-04 
P.A. Bolzano,1406,23.452877,5995,1/4/2021 6:04:50 PM,21,2021-01-04 
P.A. Trento,2768,55.638191,4975,1/4/2021 6:04:50 PM,22,2021-01-04 
Piemonte,12722,31.116546,40885,1/4/2021 6:04:50 PM,01,2021-01-04 
Puglia,6964,26.934829,25855,1/4/2021 6:04:50 PM,16,2021-01-04 
Sardegna,392,3.049397,12855,1/4/2021 6:04:50 PM,20,2021-01-04 
Sicilia,11636,25.018276,46510,1/4/2021 6:04:50 PM,19,2021-01-04 
Toscana,10545,37.768625,27920,1/4/2021 6:04:50 PM,09,2021-01-04 
Umbria,1250,25.201613,4960,1/4/2021 6:04:50 PM,10,2021-01-04 
Valle Aosta,44,4.422111,995,1/4/2021 6:04:50 PM,02,2021-01-04 
Veneto,16027,41.200514,38900,1/4/2021 6:04:50 PM,05,2021-01-04 
Abruzzo,2181,27.485822,7935,1/4/2021 7:33:17 PM,13,2021-01-04 
Basilicata,1912,38.393574,4980,1/4/2021 7:33:17 PM,17,2021-01-04 
Calabria,453,3.496719,12955,1/4/2021 7:33:17 PM,18,2021-01-04 
Campania,10745,31.724240,33870,1/4/2021 7:33:17 PM,15,2021-01-04 
Emilia-Romagna,8254,18.812536,43875,1/4/2021 7:33:17 PM,08,2021-01-04 
Friuli-Venezia Giulia,3471,29.009611,11965,1/4/2021 7:33:17 PM,06,2021-01-04 
Lazio,25470,55.605283,45805,1/4/2021 7:33:17 PM,12,2021-01-04 
Liguria,3739,23.486181,15920,1/4/2021 7:33:17 PM,07,2021-01-04 
Lombardia,6116,7.588560,80595,1/4/2021 7:33:17 PM,03,2021-01-04 
Marche,2084,23.220056,8975,1/4/2021 7:33:17 PM,11,2021-01-04 
Molise,50,1.680672,2975,1/4/2021 7:33:17 PM,14,2021-01-04 
P.A. Bolzano,1490,24.854045,5995,1/4/2021 7:33:17 PM,21,2021-01-04 
P.A. Trento,2768,55.638191,4975,1/4/2021 7:33:17 PM,22,2021-01-04 
Piemonte,12722,31.116546,40885,1/4/2021 7:33:17 PM,01,2021-01-04 
Puglia,6964,26.934829,25855,1/4/2021 7:33:17 PM,16,2021-01-04 
Sardegna,392,3.049397,12855,1/4/2021 7:33:17 PM,20,2021-01-04 
Sicilia,11636,25.018276,46510,1/4/2021 7:33:17 PM,19,2021-01-04 
Toscana,10545,37.768625,27920,1/4/2021 7:33:17 PM,09,2021-01-04 
Umbria,2057,41.471774,4960,1/4/2021 7:33:17 PM,10,2021-01-04 
Valle Aosta,44,4.422111,995,1/4/2021 7:33:17 PM,02,2021-01-04 
Veneto,15787,40.583548,38900,1/4/2021 7:33:17 PM,05,2021-01-04 
Abruzzo,2181,27.485822,7935,1/4/2021 9:42:21 PM,13,2021-01-04 
Basilicata,2007,40.301205,4980,1/4/2021 9:42:21 PM,17,2021-01-04 
Calabria,677,5.225782,12955,1/4/2021 9:42:21 PM,18,2021-01-04 
Campania,10745,31.724240,33870,1/4/2021 9:42:21 PM,15,2021-01-04 
Emilia-Romagna,8254,18.812536,43875,1/4/2021 9:42:21 PM,08,2021-01-04 
Friuli-Venezia Giulia,3471,29.009611,11965,1/4/2021 9:42:21 PM,06,2021-01-04 
Lazio,28134,61.421242,45805,1/4/2021 9:42:21 PM,12,2021-01-04 
Liguria,4537,28.498744,15920,1/4/2021 9:42:21 PM,07,2021-01-04 
Lombardia,6973,8.651901,80595,1/4/2021 9:42:21 PM,03,2021-01-04 
Marche,2210,24.623955,8975,1/4/2021 9:42:21 PM,11,2021-01-04 
Molise,50,1.680672,2975,1/4/2021 9:42:21 PM,14,2021-01-04 
P.A. Bolzano,1490,24.854045,5995,1/4/2021 9:42:21 PM,21,2021-01-04 
P.A. Trento,2768,55.638191,4975,1/4/2021 9:42:21 PM,22,2021-01-04 
Piemonte,17473,42.736945,40885,1/4/2021 9:42:21 PM,01,2021-01-04 
Puglia,7601,29.398569,25855,1/4/2021 9:42:21 PM,16,2021-01-04 
Sardegna,494,3.842863,12855,1/4/2021 9:42:21 PM,20,2021-01-04 
Sicilia,13170,28.316491,46510,1/4/2021 9:42:21 PM,19,2021-01-04 
Toscana,15644,56.031519,27920,1/4/2021 9:42:21 PM,09,2021-01-04 
Umbria,2057,41.471774,4960,1/4/2021 9:42:21 PM,10,2021-01-04 
Valle Aosta,44,4.422111,995,1/4/2021 9:42:21 PM,02,2021-01-04 
Veneto,21626,55.593830,38900,1/4/2021 9:42:21 PM,05,2021-01-04 
Abruzzo,2289,28.846881,7935,1/4/2021 10:44:35 PM,13,2021-01-04 
Basilicata,2007,40.301205,4980,1/4/2021 10:44:35 PM,17,2021-01-04 
Calabria,677,5.225782,12955,1/4/2021 10:44:35 PM,18,2021-01-04 
Campania,10745,31.724240,33870,1/4/2021 10:44:35 PM,15,2021-01-04 
Emilia-Romagna,8254,18.812536,43875,1/4/2021 10:44:35 PM,08,2021-01-04 
Friuli-Venezia Giulia,4963,41.479315,11965,1/4/2021 10:44:35 PM,06,2021-01-04 
Lazio,28134,61.421242,45805,1/4/2021 10:44:35 PM,12,2021-01-04 
Liguria,4801,30.157035,15920,1/4/2021 10:44:35 PM,07,2021-01-04 
Lombardia,8082,10.027917,80595,1/4/2021 10:44:35 PM,03,2021-01-04 
Marche,2385,26.573816,8975,1/4/2021 10:44:35 PM,11,2021-01-04 
Molise,50,1.680672,2975,1/4/2021 10:44:35 PM,14,2021-01-04 
P.A. Bolzano,1490,24.854045,5995,1/4/2021 10:44:35 PM,21,2021-01-04 
P.A. Trento,2768,55.638191,4975,1/4/2021 10:44:35 PM,22,2021-01-04 
Piemonte,17473,42.736945,40885,1/4/2021 10:44:35 PM,01,2021-01-04 
Puglia,10413,40.274608,25855,1/4/2021 10:44:35 PM,16,2021-01-04 
Sardegna,965,7.506807,12855,1/4/2021 10:44:35 PM,20,2021-01-04 
Sicilia,13170,28.316491,46510,1/4/2021 10:44:35 PM,19,2021-01-04 
Toscana,15644,56.031519,27920,1/4/2021 10:44:35 PM,09,2021-01-04 
Umbria,2057,41.471774,4960,1/4/2021 10:44:35 PM,10,2021-01-04 
Valle Aosta,186,18.693467,995,1/4/2021 10:44:35 PM,02,2021-01-04 
Veneto,21626,55.593830,38900,1/4/2021 10:44:35 PM,05,2021-01-04 
Abruzzo,2498,31.480781,7935,1/5/2021 2:30:49 AM,13,2021-01-05 
Basilicata,2109,42.349398,4980,1/5/2021 2:30:49 AM,17,2021-01-05 
Calabria,701,5.411038,12955,1/5/2021 2:30:49 AM,18,2021-01-05 
Campania,16337,48.234426,33870,1/5/2021 2:30:49 AM,15,2021-01-05 
Emilia-Romagna,15088,34.388604,43875,1/5/2021 2:30:49 AM,08,2021-01-05 
Friuli-Venezia Giulia,4963,41.479315,11965,1/5/2021 2:30:49 AM,06,2021-01-05 
Lazio,29002,63.316232,45805,1/5/2021 2:30:49 AM,12,2021-01-05 
Liguria,4875,30.621859,15920,1/5/2021 2:30:49 AM,07,2021-01-05 
Lombardia,9167,11.374155,80595,1/5/2021 2:30:49 AM,03,2021-01-05 
Marche,2385,26.573816,8975,1/5/2021 2:30:49 AM,11,2021-01-05 
Molise,50,1.680672,2975,1/5/2021 2:30:49 AM,14,2021-01-05 
P.A. Bolzano,1490,24.854045,5995,1/5/2021 2:30:49 AM,21,2021-01-05 
P.A. Trento,3367,67.678392,4975,1/5/2021 2:30:49 AM,22,2021-01-05 
Piemonte,17473,42.736945,40885,1/5/2021 2:30:49 AM,01,2021-01-05 
Puglia,10251,39.648037,25855,1/5/2021 2:30:49 AM,16,2021-01-05 
Sardegna,965,7.506807,12855,1/5/2021 2:30:49 AM,20,2021-01-05 
Sicilia,18705,40.217158,46510,1/5/2021 2:30:49 AM,19,2021-01-05 
Toscana,15644,56.031519,27920,1/5/2021 2:30:49 AM,09,2021-01-05 
Umbria,2057,41.471774,4960,1/5/2021 2:30:49 AM,10,2021-01-05 
Valle Aosta,186,18.693467,995,1/5/2021 2:30:49 AM,02,2021-01-05 
Veneto,21626,55.593830,38900,1/5/2021 2:30:49 AM,05,2021-01-05 
Abruzzo,2741,34.543163,7935,1/5/2021 2:39:19 PM,13,2021-01-05 
Basilicata,2109,42.349398,4980,1/5/2021 2:39:19 PM,17,2021-01-05 
Calabria,701,5.411038,12955,1/5/2021 2:39:19 PM,18,2021-01-05 
Campania,16602,49.016829,33870,1/5/2021 2:39:19 PM,15,2021-01-05 
Emilia-Romagna,15088,34.388604,43875,1/5/2021 2:39:19 PM,08,2021-01-05 
Friuli-Venezia Giulia,4963,41.479315,11965,1/5/2021 2:39:19 PM,06,2021-01-05 
Lazio,29217,63.785613,45805,1/5/2021 2:39:19 PM,12,2021-01-05 
Liguria,5293,33.247487,15920,1/5/2021 2:39:19 PM,07,2021-01-05 
Lombardia,9821,12.185619,80595,1/5/2021 2:39:19 PM,03,2021-01-05 
Marche,2984,33.247911,8975,1/5/2021 2:39:19 PM,11,2021-01-05 
Molise,358,12.033613,2975,1/5/2021 2:39:19 PM,14,2021-01-05 
P.A. Bolzano,1490,24.854045,5995,1/5/2021 2:39:19 PM,21,2021-01-05 
P.A. Trento,3367,67.678392,4975,1/5/2021 2:39:19 PM,22,2021-01-05 
Piemonte,17795,43.524520,40885,1/5/2021 2:39:19 PM,01,2021-01-05 
Puglia,10371,40.112164,25855,1/5/2021 2:39:19 PM,16,2021-01-05 
Sardegna,965,7.506807,12855,1/5/2021 2:39:19 PM,20,2021-01-05 
Sicilia,19064,40.989035,46510,1/5/2021 2:39:19 PM,19,2021-01-05 
Toscana,15644,56.031519,27920,1/5/2021 2:39:19 PM,09,2021-01-05 
Umbria,2057,41.471774,4960,1/5/2021 2:39:19 PM,10,2021-01-05 
Valle Aosta,186,18.693467,995,1/5/2021 2:39:19 PM,02,2021-01-05 
Veneto,21626,55.593830,38900,1/5/2021 2:39:19 PM,05,2021-01-05 
Abruzzo,3533,44.524260,7935,1/5/2021 5:45:18 PM,13,2021-01-05 
Basilicata,2337,46.927711,4980,1/5/2021 5:45:18 PM,17,2021-01-05 
Calabria,771,5.951370,12955,1/5/2021 5:45:18 PM,18,2021-01-05 
Campania,16602,49.016829,33870,1/5/2021 5:45:18 PM,15,2021-01-05 
Emilia-Romagna,18587,42.363533,43875,1/5/2021 5:45:18 PM,08,2021-01-05 
Friuli-Venezia Giulia,4963,41.479315,11965,1/5/2021 5:45:18 PM,06,2021-01-05 
Lazio,29678,64.792053,45805,1/5/2021 5:45:18 PM,12,2021-01-05 
Liguria,5505,34.579146,15920,1/5/2021 5:45:18 PM,07,2021-01-05 
Lombardia,11302,14.023202,80595,1/5/2021 5:45:18 PM,03,2021-01-05 
Marche,3444,38.373259,8975,1/5/2021 5:45:18 PM,11,2021-01-05 
Molise,358,12.033613,2975,1/5/2021 5:45:18 PM,14,2021-01-05 
P.A. Bolzano,2074,34.595496,5995,1/5/2021 5:45:18 PM,21,2021-01-05 
P.A. Trento,3367,67.678392,4975,1/5/2021 5:45:18 PM,22,2021-01-05 
Piemonte,17795,43.524520,40885,1/5/2021 5:45:18 PM,01,2021-01-05 
Puglia,11153,43.136724,25855,1/5/2021 5:45:18 PM,16,2021-01-05 
Sardegna,965,7.506807,12855,1/5/2021 5:45:18 PM,20,2021-01-05 
Sicilia,19064,40.989035,46510,1/5/2021 5:45:18 PM,19,2021-01-05 
Toscana,15644,56.031519,27920,1/5/2021 5:45:18 PM,09,2021-01-05 
Umbria,2057,41.471774,4960,1/5/2021 5:45:18 PM,10,2021-01-05 
Valle Aosta,186,18.693467,995,1/5/2021 5:45:18 PM,02,2021-01-05 
Veneto,21626,55.593830,38900,1/5/2021 5:45:18 PM,05,2021-01-05 
Abruzzo,3533,44.524260,7935,1/6/2021 12:11:03 AM,13,2021-01-06 
Basilicata,2337,46.927711,4980,1/6/2021 12:11:03 AM,17,2021-01-06 
Calabria,771,5.951370,12955,1/6/2021 12:11:03 AM,18,2021-01-06 
Campania,16602,49.016829,33870,1/6/2021 12:11:03 AM,15,2021-01-06 
Emilia-Romagna,18587,42.363533,43875,1/6/2021 12:11:03 AM,08,2021-01-06 
Friuli-Venezia Giulia,4963,41.479315,11965,1/6/2021 12:11:03 AM,06,2021-01-06 
Lazio,29678,64.792053,45805,1/6/2021 12:11:03 AM,12,2021-01-06 
Liguria,5505,34.579146,15920,1/6/2021 12:11:03 AM,07,2021-01-06 
Lombardia,11302,14.023202,80595,1/6/2021 12:11:03 AM,03,2021-01-06 
Marche,3444,38.373259,8975,1/6/2021 12:11:03 AM,11,2021-01-06 
Molise,358,12.033613,2975,1/6/2021 12:11:03 AM,14,2021-01-06 
P.A. Bolzano,2074,34.595496,5995,1/6/2021 12:11:03 AM,21,2021-01-06 
P.A. Trento,3367,67.678392,4975,1/6/2021 12:11:03 AM,22,2021-01-06 
Piemonte,17795,43.524520,40885,1/6/2021 12:11:03 AM,01,2021-01-06 
Puglia,11153,43.136724,25855,1/6/2021 12:11:03 AM,16,2021-01-06 
Sardegna,965,7.506807,12855,1/6/2021 12:11:03 AM,20,2021-01-06 
Sicilia,19064,40.989035,46510,1/6/2021 12:11:03 AM,19,2021-01-06 
Toscana,15644,56.031519,27920,1/6/2021 12:11:03 AM,09,2021-01-06 
Umbria,2057,41.471774,4960,1/6/2021 12:11:03 AM,10,2021-01-06 
Valle Aosta,186,18.693467,995,1/6/2021 12:11:03 AM,02,2021-01-06 
Veneto,21626,55.593830,38900,1/6/2021 12:11:03 AM,05,2021-01-06 
Abruzzo,4277,53.900441,7935,1/6/2021 12:25:36 AM,13,2021-01-06 
Basilicata,2871,57.650602,4980,1/6/2021 12:25:36 AM,17,2021-01-06 
Calabria,2738,21.134697,12955,1/6/2021 12:25:36 AM,18,2021-01-06 
Campania,23648,69.819900,33870,1/6/2021 12:25:36 AM,15,2021-01-06 
Emilia-Romagna,23890,54.450142,43875,1/6/2021 12:25:36 AM,08,2021-01-06 
Friuli-Venezia Giulia,6585,55.035520,11965,1/6/2021 12:25:36 AM,06,2021-01-06 
Lazio,35686,77.908525,45805,1/6/2021 12:25:36 AM,12,2021-01-06 
Liguria,7831,49.189698,15920,1/6/2021 12:25:36 AM,07,2021-01-06 
Lombardia,17256,21.410757,80595,1/6/2021 12:25:36 AM,03,2021-01-06 
Marche,4801,53.493036,8975,1/6/2021 12:25:36 AM,11,2021-01-06 
Molise,806,27.092437,2975,1/6/2021 12:25:36 AM,14,2021-01-06 
P.A. Bolzano,2283,38.081735,5995,1/6/2021 12:25:36 AM,21,2021-01-06 
P.A. Trento,3647,73.306533,4975,1/6/2021 12:25:36 AM,22,2021-01-06 
Piemonte,22691,55.499572,40885,1/6/2021 12:25:36 AM,01,2021-01-06 
Puglia,16069,62.150454,25855,1/6/2021 12:25:36 AM,16,2021-01-06 
Sardegna,2213,17.215091,12855,1/6/2021 12:25:36 AM,20,2021-01-06 
Sicilia,29258,62.906902,46510,1/6/2021 12:25:36 AM,19,2021-01-06 
Toscana,20971,75.111032,27920,1/6/2021 12:25:36 AM,09,2021-01-06 
Umbria,2913,58.729839,4960,1/6/2021 12:25:36 AM,10,2021-01-06 
Valle Aosta,336,33.768844,995,1/6/2021 12:25:36 AM,02,2021-01-06 
Veneto,28711,73.807198,38900,1/6/2021 12:25:36 AM,05,2021-01-06 
Abruzzo,4277,53.900441,7935,1/6/2021 2:09:47 PM,13,2021-01-06 
Basilicata,2871,57.650602,4980,1/6/2021 2:09:47 PM,17,2021-01-06 
Calabria,2738,21.134697,12955,1/6/2021 2:09:47 PM,18,2021-01-06 
Campania,23648,69.819900,33870,1/6/2021 2:09:47 PM,15,2021-01-06 
Emilia-Romagna,23890,54.450142,43875,1/6/2021 2:09:47 PM,08,2021-01-06 
Friuli-Venezia Giulia,6585,55.035520,11965,1/6/2021 2:09:47 PM,06,2021-01-06 
Lazio,35793,78.142124,45805,1/6/2021 2:09:47 PM,12,2021-01-06 
Liguria,7897,49.604271,15920,1/6/2021 2:09:47 PM,07,2021-01-06 
Lombardia,17710,21.974068,80595,1/6/2021 2:09:47 PM,03,2021-01-06 
Marche,4877,54.339833,8975,1/6/2021 2:09:47 PM,11,2021-01-06 
Molise,806,27.092437,2975,1/6/2021 2:09:47 PM,14,2021-01-06 
P.A. Bolzano,2343,39.082569,5995,1/6/2021 2:09:47 PM,21,2021-01-06 
P.A. Trento,4315,86.733668,4975,1/6/2021 2:09:47 PM,22,2021-01-06 
Piemonte,22691,55.499572,40885,1/6/2021 2:09:47 PM,01,2021-01-06 
Puglia,16105,62.289693,25855,1/6/2021 2:09:47 PM,16,2021-01-06 
Sardegna,2213,17.215091,12855,1/6/2021 2:09:47 PM,20,2021-01-06 
Sicilia,29258,62.906902,46510,1/6/2021 2:09:47 PM,19,2021-01-06 
Toscana,20971,75.111032,27920,1/6/2021 2:09:47 PM,09,2021-01-06 
Umbria,2913,58.729839,4960,1/6/2021 2:09:47 PM,10,2021-01-06 
Valle Aosta,336,33.768844,995,1/6/2021 2:09:47 PM,02,2021-01-06 
Veneto,28711,73.807198,38900,1/6/2021 2:09:47 PM,05,2021-01-06 
Abruzzo,5183,43.793832,11835,1/6/2021 5:50:56 PM,13,2021-01-06 
Basilicata,2871,36.318786,7905,1/6/2021 5:50:56 PM,17,2021-01-06 
Calabria,2924,11.408506,25630,1/6/2021 5:50:56 PM,18,2021-01-06 
Campania,23648,41.292125,57270,1/6/2021 5:50:56 PM,15,2021-01-06 
Emilia-Romagna,28009,47.093737,59475,1/6/2021 5:50:56 PM,08,2021-01-06 
Friuli-Venezia Giulia,6585,33.316469,19765,1/6/2021 5:50:56 PM,06,2021-01-06 
Lazio,37970,61.835355,61405,1/6/2021 5:50:56 PM,12,2021-01-06 
Liguria,8382,29.312817,28595,1/6/2021 5:50:56 PM,07,2021-01-06 
Lombardia,19536,17.785061,109845,1/6/2021 5:50:56 PM,03,2021-01-06 
Marche,5075,32.120253,15800,1/6/2021 5:50:56 PM,11,2021-01-06 
Molise,806,16.365482,4925,1/6/2021 5:50:56 PM,14,2021-01-06 
P.A. Bolzano,2343,33.615495,6970,1/6/2021 5:50:56 PM,21,2021-01-06 
P.A. Trento,4315,62.310469,6925,1/6/2021 5:50:56 PM,22,2021-01-06 
Piemonte,22691,36.980117,61360,1/6/2021 5:50:56 PM,01,2021-01-06 
Puglia,16679,52.606844,31705,1/6/2021 5:50:56 PM,16,2021-01-06 
Sardegna,2255,11.458333,19680,1/6/2021 5:50:56 PM,20,2021-01-06 
Sicilia,29258,37.183707,78685,1/6/2021 5:50:56 PM,19,2021-01-06 
Toscana,20971,65.905091,31820,1/6/2021 5:50:56 PM,09,2021-01-06 
Umbria,3759,38.220641,9835,1/6/2021 5:50:56 PM,10,2021-01-06 
Valle Aosta,336,17.055838,1970,1/6/2021 5:50:56 PM,02,2021-01-06 
Veneto,28711,65.587664,43775,1/6/2021 5:50:56 PM,05,2021-01-06 
Abruzzo,5835,49.302915,11835,1/6/2021 11:01:31 PM,13,2021-01-06 
Basilicata,3091,39.101834,7905,1/6/2021 11:01:31 PM,17,2021-01-06 
Calabria,3925,15.314085,25630,1/6/2021 11:01:31 PM,18,2021-01-06 
Campania,29662,51.793260,57270,1/6/2021 11:01:31 PM,15,2021-01-06 
Emilia-Romagna,31786,53.444304,59475,1/6/2021 11:01:31 PM,08,2021-01-06 
Friuli-Venezia Giulia,7293,36.898558,19765,1/6/2021 11:01:31 PM,06,2021-01-06 
Lazio,41242,67.163912,61405,1/6/2021 11:01:31 PM,12,2021-01-06 
Liguria,9109,31.855219,28595,1/6/2021 11:01:31 PM,07,2021-01-06 
Lombardia,23641,21.522145,109845,1/6/2021 11:01:31 PM,03,2021-01-06 
Marche,6984,44.202532,15800,1/6/2021 11:01:31 PM,11,2021-01-06 
Molise,1473,29.908629,4925,1/6/2021 11:01:31 PM,14,2021-01-06 
P.A. Bolzano,2343,33.615495,6970,1/6/2021 11:01:31 PM,21,2021-01-06 
P.A. Trento,4315,62.310469,6925,1/6/2021 11:01:31 PM,22,2021-01-06 
Piemonte,25690,41.867666,61360,1/6/2021 11:01:31 PM,01,2021-01-06 
Puglia,19191,60.529885,31705,1/6/2021 11:01:31 PM,16,2021-01-06 
Sardegna,3635,18.470528,19680,1/6/2021 11:01:31 PM,20,2021-01-06 
Sicilia,35361,44.939950,78685,1/6/2021 11:01:31 PM,19,2021-01-06 
Toscana,25411,79.858580,31820,1/6/2021 11:01:31 PM,09,2021-01-06 
Umbria,3759,38.220641,9835,1/6/2021 11:01:31 PM,10,2021-01-06 
Valle Aosta,402,20.406091,1970,1/6/2021 11:01:31 PM,02,2021-01-06 
Veneto,36929,84.360937,43775,1/6/2021 11:01:31 PM,05,2021-01-06 
Abruzzo,5835,49.302915,11835,1/7/2021 9:29:39 AM,13,2021-01-07 
Basilicata,3091,39.101834,7905,1/7/2021 9:29:39 AM,17,2021-01-07 
Calabria,4030,15.723761,25630,1/7/2021 9:29:39 AM,18,2021-01-07 
Campania,31273,54.606251,57270,1/7/2021 9:29:39 AM,15,2021-01-07 
Emilia-Romagna,31786,53.444304,59475,1/7/2021 9:29:39 AM,08,2021-01-07 
Friuli-Venezia Giulia,7293,36.898558,19765,1/7/2021 9:29:39 AM,06,2021-01-07 
Lazio,41242,67.163912,61405,1/7/2021 9:29:39 AM,12,2021-01-07 
Liguria,9109,31.855219,28595,1/7/2021 9:29:39 AM,07,2021-01-07 
Lombardia,23749,21.620465,109845,1/7/2021 9:29:39 AM,03,2021-01-07 
Marche,6984,44.202532,15800,1/7/2021 9:29:39 AM,11,2021-01-07 
Molise,1473,29.908629,4925,1/7/2021 9:29:39 AM,14,2021-01-07 
P.A. Bolzano,2343,33.615495,6970,1/7/2021 9:29:39 AM,21,2021-01-07 
P.A. Trento,4357,62.916968,6925,1/7/2021 9:29:39 AM,22,2021-01-07 
Piemonte,25690,41.867666,61360,1/7/2021 9:29:39 AM,01,2021-01-07 
Puglia,19191,60.529885,31705,1/7/2021 9:29:39 AM,16,2021-01-07 
Sardegna,3635,18.470528,19680,1/7/2021 9:29:39 AM,20,2021-01-07 
Sicilia,35361,44.939950,78685,1/7/2021 9:29:39 AM,19,2021-01-07 
Toscana,25411,79.858580,31820,1/7/2021 9:29:39 AM,09,2021-01-07 
Umbria,3759,38.220641,9835,1/7/2021 9:29:39 AM,10,2021-01-07 
Valle Aosta,402,20.406091,1970,1/7/2021 9:29:39 AM,02,2021-01-07 
Veneto,36929,84.360937,43775,1/7/2021 9:29:39 AM,05,2021-01-07 
